"DESCRIPTION","DURATION IN MS","NAME","PARENT SUITE","START TIME","STATUS","STOP TIME","SUB SUITE","SUITE","TEST CLASS","TEST METHOD"
"","6","any API activity (markHeartbeat) resets the timer and hides banner","useInactivityWarning","2026-07-09","passed","2026-07-09","","","",""
"","0","ApiError has statusCode, code, and message","types barrel export","2026-07-09","passed","2026-07-09","","","",""
"","2","ScheduleClass has all required fields","types barrel export","2026-07-09","passed","2026-07-09","","","",""
"","93","requires description before submission","SubmitProposalModal","2026-07-09","passed","2026-07-09","","ProposalForm (stage 2)","",""
"","1","reads schedule.json from the newly created branch","SimulationService.create()","2026-07-09","passed","2026-07-09","","","",""
"","323","shows gap-3 inline error when reject is not available","ProposalReviewPage","2026-07-09","passed","2026-07-09","","","",""
"","1","setPullRequestLabels calls issues.setLabels with numeric PR number","GitHubService","2026-07-09","passed","2026-07-09","","","",""
"","1","PaginatedResponse is generic and holds data array","types barrel export","2026-07-09","passed","2026-07-09","","","",""
"","1","sorts full week in correct order","sortTimeSlotIds","2026-07-09","passed","2026-07-09","","","",""
"","5","register() creates an entry so touch() returns true","SessionRegistry","2026-07-09","passed","2026-07-09","","","",""
"","2","reads rules.json from the main branch","SimulationService.getMetrics()","2026-07-09","passed","2026-07-09","","","",""
"","2","hydrate() passes branchId in params of every batch","GraphService","2026-07-09","passed","2026-07-09","","","",""
"","0","MuiIconButton has 44px minimum dimensions for WCAG touch target","theme","2026-07-09","passed","2026-07-09","","","",""
"","1","getClassSuggestions calls GET suggestions endpoint","simulationService","2026-07-09","passed","2026-07-09","","","",""
"","0","maps NOT_FOUND with simulation context","getErrorMessage","2026-07-09","passed","2026-07-09","","","",""
"","1","returns two options for lecturers","ruleLabels","2026-07-09","passed","2026-07-09","","getConditionsByTarget","",""
"","1","reads schedule.json from the simulation branch to preserve metadata","SimulationService.commit()","2026-07-09","passed","2026-07-09","","","",""
"","1","createSimulationThunk.rejected sets error message","simulationSlice","2026-07-09","passed","2026-07-09","","","",""
"","1","returns empty array when nothing changed","parseDiff","2026-07-09","passed","2026-07-09","","","",""
"","1","ScheduleJson holds all master data arrays","types barrel export","2026-07-09","passed","2026-07-09","","","",""
"","1","returns all conflicts in result","CiPipelineService.run()","2026-07-09","passed","2026-07-09","","","",""
"","2","throws 400 ApiError for an unsupported target/condition combination","MetricRuleTranslator","2026-07-09","passed","2026-07-09","","translateRule()","",""
"","63","Cancel button calls onClose","DeleteSimulationDialog","2026-07-09","passed","2026-07-09","","","",""
"","1","commitSimulation calls POST commit and resolves void","simulationService","2026-07-09","passed","2026-07-09","","","",""
"","160","has a ""Save Now"" button","InactivityBanner","2026-07-09","passed","2026-07-09","","","",""
"","1","rejectProposalThunk.fulfilled removes from both lists","proposalSlice","2026-07-09","passed","2026-07-09","","","",""
"","3","calls ciPipeline.run with the PR id and simulationId","ProposalService.submit()","2026-07-09","passed","2026-07-09","","","",""
"","1","getExpired() returns ids whose last heartbeat is older than ttlMs","SessionRegistry","2026-07-09","passed","2026-07-09","","","",""
"","0","UpdateClassRequest is fully optional","types barrel export","2026-07-09","passed","2026-07-09","","","",""
"","1","PROFESSOR_OVERLAP returns a plain English sentence with professor name","getConflictMessage","2026-07-09","passed","2026-07-09","","","",""
"","1","throws 400 when simulationId is whitespace only","ProposalService.submit()","2026-07-09","passed","2026-07-09","","","",""
"","34","renders multiple conflict rows","ConflictPopover","2026-07-09","passed","2026-07-09","","","",""
"","1","throws 400 when description is empty","ProposalService.submit()","2026-07-09","passed","2026-07-09","","","",""
"","1","updateClassThunk.rejected sets error","classSlice","2026-07-09","passed","2026-07-09","","","",""
"","1","flush() runs a DETACH DELETE query scoped to the branchId","GraphService","2026-07-09","passed","2026-07-09","","","",""
"","2","fetchMetricsThunk.pending sets loading=true","metricSlice","2026-07-09","passed","2026-07-09","","","",""
"","1","includes timeSlotIds on class entries","GraphService","2026-07-09","passed","2026-07-09","","exportScheduleJson()","",""
"","226","renders simulation cards when simulations exist","SimulationDashboardPage","2026-07-09","passed","2026-07-09","","","",""
"","0","returns raw value for unknown condition","ruleLabels","2026-07-09","passed","2026-07-09","","getViolationConditionLabel","",""
"","260","dispatches delete thunk and shows snackbar on confirm","RulesPage","2026-07-09","passed","2026-07-09","","","",""
"","1","clearRulesError resets the error field","rulesSlice","2026-07-09","passed","2026-07-09","","","",""
"","1","formats TS_MON_P1 → ""Mon P1""","formatTimeSlotLabel","2026-07-09","passed","2026-07-09","","","",""
"","1","writeFile updates an existing file, passing its current SHA","GitHubService","2026-07-09","passed","2026-07-09","","","",""
"","1","deleteSimulationThunk.fulfilled clears current if it matches","simulationSlice","2026-07-09","passed","2026-07-09","","","",""
"","2","getPullRequestDiff requests raw diff via accept header","GitHubService","2026-07-09","passed","2026-07-09","","","",""
"","4","loadSimulationsFromStorage populates state from localStorage","simulationSlice","2026-07-09","passed","2026-07-09","","","",""
"","0","returns human label for professor_overlap","ruleLabels","2026-07-09","passed","2026-07-09","","getViolationConditionLabel","",""
"","1","deselectClass clears selectedClassId and closes inspector","uiSlice","2026-07-09","passed","2026-07-09","","","",""
"","105","renders the class name","ChangeCard","2026-07-09","passed","2026-07-09","","","",""
"","1","resolves without error when the session is active","SimulationService.heartbeat()","2026-07-09","passed","2026-07-09","","","",""
"","2","detects a room change and resolves IDs to names","parseDiff","2026-07-09","passed","2026-07-09","","","",""
"","5","returns empty array for empty diff","parseDiff","2026-07-09","passed","2026-07-09","","","",""
"","35","renders children when role is admin","AdminGuard","2026-07-09","passed","2026-07-09","","","",""
"","0","returns Unknown for non-matching format","extractUserLabel","2026-07-09","passed","2026-07-09","","","",""
"","3","flushes even when queryConflicts throws","CiPipelineService.run()","2026-07-09","passed","2026-07-09","","","",""
"","1","returns a Proposal with a valid ISO createdAt timestamp","ProposalService.submit()","2026-07-09","passed","2026-07-09","","","",""
"","20","does not show ""My Simulations"" in admin view","TopAppBar","2026-07-09","passed","2026-07-09","","","",""
"","12","renders row label from studentGroupId when viewBy=studentGroup","TimetableGrid","2026-07-09","passed","2026-07-09","","","",""
"","1","fetchProposalDetailThunk.fulfilled stores proposal detail","proposalSlice","2026-07-09","passed","2026-07-09","","","",""
"","1","returns the conflict array from graph.queryConflicts","SimulationService.getConflicts()","2026-07-09","passed","2026-07-09","","","",""
"","2","rejectProposal rethrows non-gap errors","proposalService","2026-07-09","passed","2026-07-09","","","",""
"","30","shows plural conflicts count when >1 conflicts exist","HUD","2026-07-09","passed","2026-07-09","","","",""
"","24","shows the body message about saved changes","SessionExpiryModal","2026-07-09","passed","2026-07-09","","","",""
"","0","returns the raw value for unknown targets","ruleLabels","2026-07-09","passed","2026-07-09","","getTargetLabel","",""
"","2","throws 409 when PR has no CI label (PENDING)","ProposalService.merge()","2026-07-09","passed","2026-07-09","","","",""
"","1","accepts a patch with only timeSlotIds","SimulationService.updateClass()","2026-07-09","passed","2026-07-09","","","",""
"","2","async fetchProposalsThunk calls service","proposalSlice","2026-07-09","passed","2026-07-09","","","",""
"","54","shows empty state when no proposals after load","ProposalsDashboardPage","2026-07-09","passed","2026-07-09","","","",""
"","7","fires multiple times at 60s intervals","useHeartbeat","2026-07-09","passed","2026-07-09","","","",""
"","3","does not render when closed","DeleteSimulationDialog","2026-07-09","passed","2026-07-09","","","",""
"","2","setSession stores simulationId and resets flags","sessionSlice","2026-07-09","passed","2026-07-09","","","",""
"","17","shows formatted room name","Inspector","2026-07-09","passed","2026-07-09","","","",""
"","1","sendHeartbeat calls POST heartbeat and resolves void","simulationService","2026-07-09","passed","2026-07-09","","","",""
"","4","sorts Monday before Tuesday","sortTimeSlotIds","2026-07-09","passed","2026-07-09","","","",""
"","2","returns only count for classes","ruleLabels","2026-07-09","passed","2026-07-09","","getConditionsByTarget","",""
"","1","detects a time slot change and resolves names","parseDiff","2026-07-09","passed","2026-07-09","","","",""
"","29","has autoHideDuration of 8 seconds (verified by snapshot of props)","GlobalErrorSnackbar","2026-07-09","passed","2026-07-09","","","",""
"","399","shows merge success snackbar after approve","ProposalReviewPage","2026-07-09","passed","2026-07-09","","","",""
"","1","maps rows to Suggestion objects with conflictFree: true","GraphService","2026-07-09","passed","2026-07-09","","getSuggestions()","",""
"","102","shows inline error when delete fails (Gap 4)","DeleteSimulationDialog","2026-07-09","passed","2026-07-09","","","",""
"","225","shows ""No scheduling conflicts"" chip when there are no conflicts","HUD","2026-07-09","passed","2026-07-09","","","",""
"","1","registers the session in the registry after hydration","SimulationService.create()","2026-07-09","passed","2026-07-09","","","",""
"","1","fetchMetricsThunk.fulfilled stores metrics","metricSlice","2026-07-09","passed","2026-07-09","","","",""
"","22","shows DEMO ONLY chip","TopAppBar","2026-07-09","passed","2026-07-09","","","",""
"","1","createSimulationThunk.pending sets loading true","simulationSlice","2026-07-09","passed","2026-07-09","","","",""
"","1","ciRunId contains the proposalId","CiPipelineService.run()","2026-07-09","passed","2026-07-09","","","",""
"","1","setViewBy changes the view mode","uiSlice","2026-07-09","passed","2026-07-09","","","",""
"","3","throws 400 if userId is missing","SimulationService.create()","2026-07-09","passed","2026-07-09","","","",""
"","76","does not show conflict warning when conflicts is 0","SubmitProposalModal","2026-07-09","passed","2026-07-09","","ProposalForm (stage 2)","",""
"","18","renders row label from professorId when viewBy=professor","TimetableGrid","2026-07-09","passed","2026-07-09","","","",""
"","6","showWarning becomes true after 3 minutes","useInactivityWarning","2026-07-09","passed","2026-07-09","","","",""
"","0","maps NOT_IMPLEMENTED to IT department message","getErrorMessage","2026-07-09","passed","2026-07-09","","","",""
"","40","is visible (transform: 0) when inspectorOpen is true","Inspector","2026-07-09","passed","2026-07-09","","","",""
"","67","renders success chip for READY","CIStatusBadge","2026-07-09","passed","2026-07-09","","","",""
"","76","shows error chip with singular count when 1 conflict exists","HUD","2026-07-09","passed","2026-07-09","","","",""
"","59","calls onSubmitProposal when submit button is clicked","HUD","2026-07-09","passed","2026-07-09","","","",""
"","398","renders confirmation message when open","DeleteSimulationDialog","2026-07-09","passed","2026-07-09","","","",""
"","1","clearCurrentSimulation nulls out current","simulationSlice","2026-07-09","passed","2026-07-09","","","",""
"","1","markExpired sets expired to true","sessionSlice","2026-07-09","passed","2026-07-09","","","",""
"","1","fetchMetricRulesThunk.rejected with 501 sets unavailable=true","rulesSlice","2026-07-09","passed","2026-07-09","","","",""
"","32","renders metric chips when metrics are present","HUD","2026-07-09","passed","2026-07-09","","","",""
"","0","is a pure function — same inputs always produce same output","getConflictMessage","2026-07-09","passed","2026-07-09","","","",""
"","1","calls client.run() exactly 6 times (once per entity type)","GraphService","2026-07-09","passed","2026-07-09","","exportScheduleJson()","",""
"","1","createSimulationThunk.fulfilled persists to localStorage","simulationSlice","2026-07-09","passed","2026-07-09","","","",""
"","0","CreateProposalRequest has simulationId and description","types barrel export","2026-07-09","passed","2026-07-09","","","",""
"","259","shows Approve & Publish button","ProposalReviewPage","2026-07-09","passed","2026-07-09","","","",""
"","8","shows correct plural conflict message when conflictCount > 1","SimulationCard","2026-07-09","passed","2026-07-09","","","",""
"","1","updateClassThunk.fulfilled sets hasUnsavedChanges to true","sessionSlice","2026-07-09","passed","2026-07-09","","","",""
"","261","disables Add buttons when service is unavailable","RulesPage","2026-07-09","passed","2026-07-09","","","",""
"","2","parseScheduleJson throws a 400 ApiError on invalid JSON","ScheduleHydrator","2026-07-09","passed","2026-07-09","","","",""
"","2","throws 409 when PR does not have ci:ready label","ProposalService.merge()","2026-07-09","passed","2026-07-09","","","",""
"","16","buildHydrationBatches returns exactly 12 CypherBatch objects","ScheduleHydrator","2026-07-09","passed","2026-07-09","","","",""
"","1","returns status READY when CI finds no conflicts","ProposalService.submit()","2026-07-09","passed","2026-07-09","","","",""
"","2","includes graph-exported data in the written JSON","SimulationService.commit()","2026-07-09","passed","2026-07-09","","","",""
"","56","Cancel button calls onClose","CreateSimulationDialog","2026-07-09","passed","2026-07-09","","","",""
"","1","createProposalThunk.fulfilled appends proposal to list","proposalSlice","2026-07-09","passed","2026-07-09","","","",""
"","2","fetchClassesPage.pending sets loading true","classSlice","2026-07-09","passed","2026-07-09","","","",""
"","17","initialises with empty simulations","simulationSlice","2026-07-09","passed","2026-07-09","","","",""
"","1","hydrates the graph with the simulationId and schedule JSON content","SimulationService.create()","2026-07-09","passed","2026-07-09","","","",""
"","1","maps a group conflict row to a GROUP_OVERLAP Conflict","GraphService","2026-07-09","passed","2026-07-09","","queryConflicts()","",""
"","5","Simulation shape is assignable","types barrel export","2026-07-09","passed","2026-07-09","","","",""
"","2","listProposals calls GET /proposals","proposalService","2026-07-09","passed","2026-07-09","","","",""
"","0","getConstraints returns constraints on success","rulesService","2026-07-09","passed","2026-07-09","","","",""
"","15","dispatches deselectClass when clicking the grid background","TimetableGrid","2026-07-09","passed","2026-07-09","","","",""
"","2","returns conflicts from all three types in a single flat array","GraphService","2026-07-09","passed","2026-07-09","","queryConflicts()","",""
"","1","returns the updated ScheduleClass from graph.updateClass","SimulationService.updateClass()","2026-07-09","passed","2026-07-09","","","",""
"","37","never displays raw conflict type codes","HUD","2026-07-09","passed","2026-07-09","","","",""
"","38","shows ""Switch to User View"" button in admin view","TopAppBar","2026-07-09","passed","2026-07-09","","","",""
"","3","fetchClassesPage.fulfilled appends classes without duplicates","classSlice","2026-07-09","passed","2026-07-09","","","",""
"","8","does not flush any session before the interval elapses","SessionGarbageCollector","2026-07-09","passed","2026-07-09","","","",""
"","1","posts a READY comment to the PR when no conflicts","ProposalService.submit()","2026-07-09","passed","2026-07-09","","","",""
"","41","shows skeleton cards while loading","SimulationDashboardPage","2026-07-09","passed","2026-07-09","","","",""
"","5","throws 404 when the simulation session is not found","SimulationService.getSuggestions()","2026-07-09","passed","2026-07-09","","","",""
"","1","returns BLOCKED when queryConflicts returns conflicts","CiPipelineService.run()","2026-07-09","passed","2026-07-09","","","",""
"","1","fetchConstraintsThunk.fulfilled stores constraints","rulesSlice","2026-07-09","passed","2026-07-09","","","",""
"","11","renders ClassChip for a class","TimetableGrid","2026-07-09","passed","2026-07-09","","","",""
"","1","translates Room/utilization with correct unit","MetricRuleTranslator","2026-07-09","passed","2026-07-09","","translateRule()","",""
"","1","dispatches rejected when service throws","simulationSlice","2026-07-09","passed","2026-07-09","","createSimulationThunk (async)","",""
"","25","maps GROUP_OVERLAP to correct human message","ConflictPopover","2026-07-09","passed","2026-07-09","","","",""
"","1","run() converts neo4j Integer values to JS numbers","MemgraphClient","2026-07-09","passed","2026-07-09","","","",""
"","2","run() closes the session even when the query throws","MemgraphClient","2026-07-09","passed","2026-07-09","","","",""
"","122","clicking Switch to Admin View opens confirmation dialog","TopAppBar","2026-07-09","passed","2026-07-09","","","",""
"","2","runs a SCHEDULED_AT mutation when timeSlotIds is patched","GraphService","2026-07-09","passed","2026-07-09","","updateClass()","",""
"","1","clearMetrics resets the state","metricSlice","2026-07-09","passed","2026-07-09","","","",""
"","1","toggleInspector(false) closes inspector and clears selected class","uiSlice","2026-07-09","passed","2026-07-09","","","",""
"","104","has a Refresh List button","ProposalsDashboardPage","2026-07-09","passed","2026-07-09","","","",""
"","1","handles multi-segment usernames","extractUserLabel","2026-07-09","passed","2026-07-09","","","",""
"","1","close() delegates to driver.close()","MemgraphClient","2026-07-09","passed","2026-07-09","","","",""
"","0","Conflict type is narrowed to valid values only","types barrel export","2026-07-09","passed","2026-07-09","","","",""
"","0","font family is Inter","theme","2026-07-09","passed","2026-07-09","","","",""
"","51","shows empty state when no simulations exist and not loading","SimulationDashboardPage","2026-07-09","passed","2026-07-09","","","",""
"","32","renders metric chip when metric is provided","SimulationCard","2026-07-09","passed","2026-07-09","","","",""
"","2","all translated Cypher queries use only parameterized $branchId (no inline values)","MetricRuleTranslator","2026-07-09","passed","2026-07-09","","translateRule()","",""
"","0","ClassChange holds resolved human-readable fields","types barrel export","2026-07-09","passed","2026-07-09","","","",""
"","1","throws 400 when the patch is empty (no fields provided)","SimulationService.updateClass()","2026-07-09","passed","2026-07-09","","","",""
"","6","calls sendHeartbeat after 60 seconds and dispatches markHeartbeat","useHeartbeat","2026-07-09","passed","2026-07-09","","","",""
"","168","renders ""Open Draft"" and ""Delete Draft"" buttons","SimulationCard","2026-07-09","passed","2026-07-09","","","",""
"","1","calls graph.exportScheduleJson with the simulationId","SimulationService.commit()","2026-07-09","passed","2026-07-09","","","",""
"","0","button text is not uppercased","theme","2026-07-09","passed","2026-07-09","","","",""
"","85","clicking a conflict row dispatches selectClass and calls onClose","ConflictPopover","2026-07-09","passed","2026-07-09","","","",""
"","1","derives BLOCKED status from ci:blocked label","ProposalService.get()","2026-07-09","passed","2026-07-09","","","",""
"","0","maps NOT_FOUND with default context","getErrorMessage","2026-07-09","passed","2026-07-09","","","",""
"","1","always flushes the ciRunId even when no conflicts","CiPipelineService.run()","2026-07-09","passed","2026-07-09","","","",""
"","6","ROOM_DOUBLE_BOOK returns a plain English sentence with room name","getConflictMessage","2026-07-09","passed","2026-07-09","","","",""
"","136","renders the inactivity warning message","InactivityBanner","2026-07-09","passed","2026-07-09","","","",""
"","576","can cancel the approve dialog","ProposalReviewPage","2026-07-09","passed","2026-07-09","","","",""
"","1","returns an empty array when given no rules","GraphService","2026-07-09","passed","2026-07-09","","evaluateMetrics()","",""
"","0","MetricResult has name, value, unit","types barrel export","2026-07-09","passed","2026-07-09","","","",""
"","1","Proposal status is a valid enum value","types barrel export","2026-07-09","passed","2026-07-09","","","",""
"","4","dispatches markExpired on 404 response","useHeartbeat","2026-07-09","passed","2026-07-09","","","",""
"","0","ProposalDetail extends Proposal with diff","types barrel export","2026-07-09","passed","2026-07-09","","","",""
"","1","updateClass calls PATCH with params","simulationService","2026-07-09","passed","2026-07-09","","","",""
"","1","fetchProposalDetailThunk.pending clears current and sets loading","proposalSlice","2026-07-09","passed","2026-07-09","","","",""
"","727","renders ""Proposal Review"" heading","ProposalReviewPage","2026-07-09","passed","2026-07-09","","","",""
"","0","returns the raw value for unknown conditions","ruleLabels","2026-07-09","passed","2026-07-09","","getConditionLabel","",""
"","3","maps INTERNAL_SERVER_ERROR to plain English","getErrorMessage","2026-07-09","passed","2026-07-09","","","",""
"","11","redirects to / when role is user","AdminGuard","2026-07-09","passed","2026-07-09","","","",""
"","1","markHeartbeat action creator exists","useHeartbeat","2026-07-09","passed","2026-07-09","","","",""
"","1","returns the updated ScheduleClass after mutations","GraphService","2026-07-09","passed","2026-07-09","","updateClass()","",""
"","2","merges the PR and returns Proposal with MERGED status","ProposalService.merge()","2026-07-09","passed","2026-07-09","","","",""
"","1","maps simulationId from the PR head branch","ProposalService.list()","2026-07-09","passed","2026-07-09","","","",""
"","60","shows class details when a class is selected","Inspector","2026-07-09","passed","2026-07-09","","","",""
"","1","markHeartbeat updates lastHeartbeat timestamp","sessionSlice","2026-07-09","passed","2026-07-09","","","",""
"","1","clearConflicts resets to initial state","conflictSlice","2026-07-09","passed","2026-07-09","","","",""
"","4","returns [] without calling graph when rules.json has no metrics","SimulationService.getMetrics()","2026-07-09","passed","2026-07-09","","","",""
"","52","is not shown when session is not expired","SessionExpiryModal","2026-07-09","passed","2026-07-09","","","",""
"","14","renders spinner chip for PENDING","CIStatusBadge","2026-07-09","passed","2026-07-09","","","",""
"","0","Constraint has violationCondition field","types barrel export","2026-07-09","passed","2026-07-09","","","",""
"","1","remove() deletes the entry so subsequent touch() returns false","SessionRegistry","2026-07-09","passed","2026-07-09","","","",""
"","8","shows singular conflict message when conflictCount is 1","SimulationCard","2026-07-09","passed","2026-07-09","","","",""
"","0","is a pure function — same input gives same output","getErrorMessage","2026-07-09","passed","2026-07-09","","","",""
"","1","returns empty arrays when the graph has no data","GraphService","2026-07-09","passed","2026-07-09","","exportScheduleJson()","",""
"","1","deleteSimulation silently ignores 405 (Gap 4)","simulationService","2026-07-09","passed","2026-07-09","","","",""
"","8","renders warning chip for BLOCKED","CIStatusBadge","2026-07-09","passed","2026-07-09","","","",""
"","1","throws 404 when the simulation session is not found","SimulationService.commit()","2026-07-09","passed","2026-07-09","","","",""
"","8","initialises with default state","uiSlice","2026-07-09","passed","2026-07-09","","","",""
"","1","returns utilization for rooms","ruleLabels","2026-07-09","passed","2026-07-09","","getConditionsByTarget","",""
"","1","runs a TAUGHT_BY mutation when professorId is patched","GraphService","2026-07-09","passed","2026-07-09","","updateClass()","",""
"","3","showWarning does not trigger before 3 minutes","useInactivityWarning","2026-07-09","passed","2026-07-09","","","",""
"","7","throws 400 when simulationId is empty","ProposalService.submit()","2026-07-09","passed","2026-07-09","","","",""
"","1","passes branchId in params of every query","GraphService","2026-07-09","passed","2026-07-09","","exportScheduleJson()","",""
"","1","returns empty array for unknown target","ruleLabels","2026-07-09","passed","2026-07-09","","getConditionsByTarget","",""
"","1","fetchConflictsThunk.fulfilled with empty array clears conflicts","conflictSlice","2026-07-09","passed","2026-07-09","","","",""
"","2","returns READY when queryConflicts returns no conflicts","CiPipelineService.run()","2026-07-09","passed","2026-07-09","","","",""
"","2","deletes the github branch if graph hydration fails (rollback)","SimulationService.create()","2026-07-09","passed","2026-07-09","","","",""
"","2","fetchProposalsThunk.pending sets loading=true","proposalSlice","2026-07-09","passed","2026-07-09","","","",""
"","1","deleteMetricRule calls DELETE /rules/metrics/:id","rulesService","2026-07-09","passed","2026-07-09","","","",""
"","23","renders GridSkeleton when loading with no classes","TimetableGrid","2026-07-09","passed","2026-07-09","","","",""
"","1","PATCH → hasUnsavedChanges=true; commit → hasUnsavedChanges=false (full lifecycle)","sessionSlice","2026-07-09","passed","2026-07-09","","","",""
"","1","throws 404 when the simulation session is not found","SimulationService.getConflicts()","2026-07-09","passed","2026-07-09","","","",""
"","1","derives PENDING status when no CI label","ProposalService.get()","2026-07-09","passed","2026-07-09","","","",""
"","2","calls github.createPullRequest with head=simulationId and base=main","ProposalService.submit()","2026-07-09","passed","2026-07-09","","","",""
"","1","fetchProposalsThunk.rejected sets error","proposalSlice","2026-07-09","passed","2026-07-09","","","",""
"","1","mergePullRequest calls pulls.merge with the numeric PR number","GitHubService","2026-07-09","passed","2026-07-09","","","",""
"","3","test environment is configured correctly","scaffold","2026-07-09","passed","2026-07-09","","","",""
"","71","shows CI status badge for READY status","ProposalReviewPage","2026-07-09","passed","2026-07-09","","","",""
"","1","sets ci:ready label on the PR when CI passes","ProposalService.submit()","2026-07-09","passed","2026-07-09","","","",""
"","432","renders page heading","SimulationDashboardPage","2026-07-09","passed","2026-07-09","","","",""
"","1","throws 404 when the simulation session is not found","SimulationService.updateClass()","2026-07-09","passed","2026-07-09","","","",""
"","1","throws 404 ApiError if class is not found after update","GraphService","2026-07-09","passed","2026-07-09","","updateClass()","",""
"","20","open is false when no errors","useGlobalErrorSnackbar","2026-07-09","passed","2026-07-09","","","",""
"","1","passes branchId in params of every query","GraphService","2026-07-09","passed","2026-07-09","","evaluateMetrics()","",""
"","2","SCHEDULED_AT batch contains one edge per timeSlotId across all classes","ScheduleHydrator","2026-07-09","passed","2026-07-09","","","",""
"","1","commitSimulationThunk async resolves without affecting classes","classSlice","2026-07-09","passed","2026-07-09","","","",""
"","134","calls createSimulation with trimmed name on submit","CreateSimulationDialog","2026-07-09","passed","2026-07-09","","","",""
"","1","returns an empty array when no conflict-free slots are found","GraphService","2026-07-09","passed","2026-07-09","","getSuggestions()","",""
"","1","includes all three constraint checks in the Cypher (HELD_IN, TAUGHT_BY, ATTENDED_BY)","GraphService","2026-07-09","passed","2026-07-09","","getSuggestions()","",""
"","0","getConflicts returns an array of conflicts","simulationService","2026-07-09","passed","2026-07-09","","","",""
"","17","does not show admin nav links in user view","TopAppBar","2026-07-09","passed","2026-07-09","","","",""
"","155","renders ""Submit Proposal"" button","HUD","2026-07-09","passed","2026-07-09","","","",""
"","1","setCurrentSimulation sets the current simulation","simulationSlice","2026-07-09","passed","2026-07-09","","","",""
"","8","initialises with empty classes","classSlice","2026-07-09","passed","2026-07-09","","","",""
"","29","renders nothing when there are no errors","GlobalErrorSnackbar","2026-07-09","passed","2026-07-09","","","",""
"","243","shows error snackbar on API failure","SubmitProposalModal","2026-07-09","passed","2026-07-09","","ProposalForm (stage 2)","",""
"","0","deleteConstraint calls DELETE /rules/constraints/:id","rulesService","2026-07-09","passed","2026-07-09","","","",""
"","2","maps each entity correctly into its array","GraphService","2026-07-09","passed","2026-07-09","","exportScheduleJson()","",""
"","2","deleteBranch calls deleteRef with correct ref","GitHubService","2026-07-09","passed","2026-07-09","","","",""
"","313","opens Add Constraint dialog on button click","RulesPage","2026-07-09","passed","2026-07-09","","","",""
"","245","is hidden (translated off-screen) when inspectorOpen is false","Inspector","2026-07-09","passed","2026-07-09","","","",""
"","39","renders name field when open","CreateSimulationDialog","2026-07-09","passed","2026-07-09","","","",""
"","33","shows formatted professor name","Inspector","2026-07-09","passed","2026-07-09","","","",""
"","316","maps ROOM_DOUBLE_BOOK to correct human message","ConflictPopover","2026-07-09","passed","2026-07-09","","","",""
"","1","resetClasses clears all class state","classSlice","2026-07-09","passed","2026-07-09","","","",""
"","1","queries conflicts using the same ciRunId used for hydration","CiPipelineService.run()","2026-07-09","passed","2026-07-09","","","",""
"","7","opens when a new error is dispatched","useGlobalErrorSnackbar","2026-07-09","passed","2026-07-09","","","",""
"","11","shows InspectorSkeleton when open but no class selected","Inspector","2026-07-09","passed","2026-07-09","","","",""
"","176","renders logo text","TopAppBar","2026-07-09","passed","2026-07-09","","","",""
"","1","calls client.run once per rule","GraphService","2026-07-09","passed","2026-07-09","","evaluateMetrics()","",""
"","3","createMetricRule calls POST /rules/metrics","rulesService","2026-07-09","passed","2026-07-09","","","",""
"","180","shows validation error if name is empty on submit","AddMetricDialog","2026-07-09","passed","2026-07-09","","","",""
"","3","returns an empty array when there are no conflicts","SimulationService.getConflicts()","2026-07-09","passed","2026-07-09","","","",""
"","88","closes inspector and deselects class on × click","Inspector","2026-07-09","passed","2026-07-09","","","",""
"","1","returns a Proposal with the PR id as proposal id","ProposalService.submit()","2026-07-09","passed","2026-07-09","","","",""
"","523","opens Add Metric dialog on button click","RulesPage","2026-07-09","passed","2026-07-09","","","",""
"","1","detects a professor change and resolves names","parseDiff","2026-07-09","passed","2026-07-09","","","",""
"","204","skips commit gate when hasUnsavedChanges is false","SubmitProposalModal","2026-07-09","passed","2026-07-09","","CommitGate (stage 1)","",""
"","2","every node batch includes branchId in params","ScheduleHydrator","2026-07-09","passed","2026-07-09","","","",""
"","1","includes simulationId in the PR title","ProposalService.submit()","2026-07-09","passed","2026-07-09","","","",""
"","1","mergeProposal calls POST /proposals/:id/merge","proposalService","2026-07-09","passed","2026-07-09","","","",""
"","0","uses general context as default when omitted","getErrorMessage","2026-07-09","passed","2026-07-09","","","",""
"","1","returns empty array when there are no conflicts","GraphService","2026-07-09","passed","2026-07-09","","queryConflicts()","",""
"","1","fetchMetricsThunk.rejected sets error message","metricSlice","2026-07-09","passed","2026-07-09","","","",""
"","185","""Start a New Draft"" opens the CreateSimulationDialog","SessionExpiryModal","2026-07-09","passed","2026-07-09","","","",""
"","16","shows ""My Simulations"" nav link in user view","TopAppBar","2026-07-09","passed","2026-07-09","","","",""
"","62","""Save Now"" triggers commitSimulation","InactivityBanner","2026-07-09","passed","2026-07-09","","","",""
"","1","posts a BLOCKED comment to the PR when conflicts found","ProposalService.submit()","2026-07-09","passed","2026-07-09","","","",""
"","2","translates Professor/avg_classes_per_day with correct unit","MetricRuleTranslator","2026-07-09","passed","2026-07-09","","translateRule()","",""
"","455","opens approve confirmation dialog on Approve click","ProposalReviewPage","2026-07-09","passed","2026-07-09","","","",""
"","68","confirm delete calls service and closes dialog on success","DeleteSimulationDialog","2026-07-09","passed","2026-07-09","","","",""
"","3","updateClassThunk async dispatches and updates store","classSlice","2026-07-09","passed","2026-07-09","","","",""
"","1","returns createdAt from the PR","ProposalService.merge()","2026-07-09","passed","2026-07-09","","","",""
"","1","clearCurrentProposal nulls out current","proposalSlice","2026-07-09","passed","2026-07-09","","","",""
"","5","translates Class/count to a Cypher with correct unit","MetricRuleTranslator","2026-07-09","passed","2026-07-09","","translateRule()","",""
"","62","renders column headers for each unique time slot","TimetableGrid","2026-07-09","passed","2026-07-09","","","",""
"","0","formats TS_WED_P3 → ""Wed P3""","formatTimeSlotLabel","2026-07-09","passed","2026-07-09","","","",""
"","2","sorts periods numerically within same day","sortTimeSlotIds","2026-07-09","passed","2026-07-09","","","",""
"","60","""Dismiss"" button calls onDismiss","InactivityBanner","2026-07-09","passed","2026-07-09","","","",""
"","0","MuiChip has at least 32px height","theme","2026-07-09","passed","2026-07-09","","","",""
"","0","formats named room RM_LAB_A → ""Lab A""","formatRoomLabel","2026-07-09","passed","2026-07-09","","","",""
"","1","addPullRequestComment calls issues.createComment with numeric PR number","GitHubService","2026-07-09","passed","2026-07-09","","","",""
"","3","returns an empty array when no conflict-free slots exist","SimulationService.getSuggestions()","2026-07-09","passed","2026-07-09","","","",""
"","71","Enter key submits the form","CreateSimulationDialog","2026-07-09","passed","2026-07-09","","","",""
"","1","setHasUnsavedChanges can set and unset the flag","sessionSlice","2026-07-09","passed","2026-07-09","","","",""
"","8","returns the MetricResult array from graph.evaluateMetrics","SimulationService.getMetrics()","2026-07-09","passed","2026-07-09","","","",""
"","1","listBlockedProposals returns empty array on any error (Gap 2)","proposalService","2026-07-09","passed","2026-07-09","","","",""
"","1","delegates to graph.updateClass with the correct arguments","SimulationService.updateClass()","2026-07-09","passed","2026-07-09","","","",""
"","2","getMetricRules rethrows 501 (slice handles unavailable flag)","rulesService","2026-07-09","passed","2026-07-09","","","",""
"","7","createProposal calls POST /proposals","proposalService","2026-07-09","passed","2026-07-09","","","",""
"","33","does not show raw type codes in any conflict row","ConflictPopover","2026-07-09","passed","2026-07-09","","","",""
"","233","opens delete confirmation dialog when delete icon is clicked","RulesPage","2026-07-09","passed","2026-07-09","","","",""
"","1","passes branchId in params of every query","GraphService","2026-07-09","passed","2026-07-09","","queryConflicts()","",""
"","1","maps a professor conflict row to a PROFESSOR_OVERLAP Conflict","GraphService","2026-07-09","passed","2026-07-09","","queryConflicts()","",""
"","1","sets ci:blocked label on the PR when CI fails","ProposalService.submit()","2026-07-09","passed","2026-07-09","","","",""
"","296","opens CreateSimulationDialog when ""+ Create New Simulation"" is clicked","SimulationDashboardPage","2026-07-09","passed","2026-07-09","","","",""
"","7","parseScheduleJson parses a valid JSON string into a ScheduleJson object","ScheduleHydrator","2026-07-09","passed","2026-07-09","","","",""
"","3","returns human label for known targets","ruleLabels","2026-07-09","passed","2026-07-09","","getTargetLabel","",""
"","1","updateClassThunk.fulfilled replaces the updated class in state","classSlice","2026-07-09","passed","2026-07-09","","","",""
"","1","stop() prevents further sweeps after being called","SessionGarbageCollector","2026-07-09","passed","2026-07-09","","","",""
"","0","CreateSimulationRequest has userId","types barrel export","2026-07-09","passed","2026-07-09","","","",""
"","2","createMetricRuleThunk.fulfilled appends new rule","rulesSlice","2026-07-09","passed","2026-07-09","","","",""
"","1","runs all three mutations when all fields are patched","GraphService","2026-07-09","passed","2026-07-09","","updateClass()","",""
"","7","initialises with empty metrics","metricSlice","2026-07-09","passed","2026-07-09","","","",""
"","1","returns human label for known conditions","ruleLabels","2026-07-09","passed","2026-07-09","","getConditionLabel","",""
"","1","fetchMetricRulesThunk.rejected with non-501 sets error, not unavailable","rulesSlice","2026-07-09","passed","2026-07-09","","","",""
"","0","maps NOT_FOUND with merge context","getErrorMessage","2026-07-09","passed","2026-07-09","","","",""
"","8","getMetricRules returns rules on success","rulesService","2026-07-09","passed","2026-07-09","","","",""
"","372","shows ready section when ready proposals exist","ProposalsDashboardPage","2026-07-09","passed","2026-07-09","","","",""
"","0","MuiButton has 44px minimum height for WCAG touch target","theme","2026-07-09","passed","2026-07-09","","","",""
"","120","clicking Cancel in dialog closes it without switching role","TopAppBar","2026-07-09","passed","2026-07-09","","","",""
"","3","opens with error message when simulationSlice has an error","useGlobalErrorSnackbar","2026-07-09","passed","2026-07-09","","","",""
"","3","dispatches fulfilled with returned simulation","simulationSlice","2026-07-09","passed","2026-07-09","","createSimulationThunk (async)","",""
"","0","Suggestion has conflictFree flag","types barrel export","2026-07-09","passed","2026-07-09","","","",""
"","31","shows ""No metrics configured"" when metrics array is empty","HUD","2026-07-09","passed","2026-07-09","","","",""
"","1","GROUP_OVERLAP returns a plain English sentence with group name","getConflictMessage","2026-07-09","passed","2026-07-09","","","",""
"","4","renders the disclaimer text","CIStatusBadge","2026-07-09","passed","2026-07-09","","","",""
"","1","getProposal calls GET /proposals/:id","proposalService","2026-07-09","passed","2026-07-09","","","",""
"","1","calls client.run() exactly once","GraphService","2026-07-09","passed","2026-07-09","","getSuggestions()","",""
"","0","ignores added-only entries (no matching removal)","parseDiff","2026-07-09","passed","2026-07-09","","","",""
"","0","is a pure function — does not mutate on multiple calls","ruleLabels","2026-07-09","passed","2026-07-09","","getConditionsByTarget","",""
"","0","SimulationCardData extends Simulation with optional enrichment","types barrel export","2026-07-09","passed","2026-07-09","","","",""
"","1","calls client.run() exactly 3 times (one per constraint type)","GraphService","2026-07-09","passed","2026-07-09","","queryConflicts()","",""
"","8","initialises with empty state","proposalSlice","2026-07-09","passed","2026-07-09","","","",""
"","1","maps a room conflict row to a ROOM_DOUBLE_BOOK Conflict","GraphService","2026-07-09","passed","2026-07-09","","queryConflicts()","",""
"","8","initialises with no conflicts","conflictSlice","2026-07-09","passed","2026-07-09","","","",""
"","65","dispatches fetchProposalDetailThunk on mount","ProposalReviewPage","2026-07-09","passed","2026-07-09","","","",""
"","9","reads schedule.json from the simulation branch","CiPipelineService.run()","2026-07-09","passed","2026-07-09","","","",""
"","6","clears interval on unmount","useHeartbeat","2026-07-09","passed","2026-07-09","","","",""
"","1","returns a Simulation with id, branchId, and createdAt","SimulationService.create()","2026-07-09","passed","2026-07-09","","","",""
"","0","Snackbar auto-hides after 8 seconds","theme","2026-07-09","passed","2026-07-09","","","",""
"","2","fetchMetricsThunk async — calls service and stores result","metricSlice","2026-07-09","passed","2026-07-09","","","",""
"","3","readFile throws badRequest when path resolves to a directory","GitHubService","2026-07-09","passed","2026-07-09","","","",""
"","100","renders constraint cards with human-readable labels","RulesPage","2026-07-09","passed","2026-07-09","","","",""
"","254","shows Close This Proposal button","ProposalReviewPage","2026-07-09","passed","2026-07-09","","","",""
"","1","fetchConflictsThunk.rejected sets error","conflictSlice","2026-07-09","passed","2026-07-09","","","",""
"","1","touch() returns false for an unknown (or removed) session","SessionRegistry","2026-07-09","passed","2026-07-09","","","",""
"","1","clearSession nulls out simulationId and flags","sessionSlice","2026-07-09","passed","2026-07-09","","","",""
"","1","calls registry.touch() with the simulationId","SimulationService.heartbeat()","2026-07-09","passed","2026-07-09","","","",""
"","0","returns Unknown for empty string","extractUserLabel","2026-07-09","passed","2026-07-09","","","",""
"","2","handleClose sets open to false","useGlobalErrorSnackbar","2026-07-09","passed","2026-07-09","","","",""
"","1","fetchConstraintsThunk.rejected with 501 sets unavailable=true","rulesSlice","2026-07-09","passed","2026-07-09","","","",""
"","21","maps PROFESSOR_OVERLAP to correct human message","ConflictPopover","2026-07-09","passed","2026-07-09","","","",""
"","103","renders ""Back to Proposals"" button","ProposalReviewPage","2026-07-09","passed","2026-07-09","","","",""
"","1","fetchClassesPage.fulfilled does not add duplicate class IDs","classSlice","2026-07-09","passed","2026-07-09","","","",""
"","1","getMetrics returns an array of metric results","simulationService","2026-07-09","passed","2026-07-09","","","",""
"","1","returns a Proposal with the correct simulationId","ProposalService.submit()","2026-07-09","passed","2026-07-09","","","",""
"","1","createSimulationThunk.fulfilled adds simulation and sets current","simulationSlice","2026-07-09","passed","2026-07-09","","","",""
"","7","run() calls session.run with the provided cypher and params","MemgraphClient","2026-07-09","passed","2026-07-09","","","",""
"","1","maps CONFLICT to merge-specific message","getErrorMessage","2026-07-09","passed","2026-07-09","","","",""
"","2","delegates to graph.evaluateMetrics with parsed metric rules","SimulationService.getMetrics()","2026-07-09","passed","2026-07-09","","","",""
"","5","hydrate() throws a 400 ApiError when scheduleJson is invalid","GraphService","2026-07-09","passed","2026-07-09","","","",""
"","34","showWarning is false initially","useInactivityWarning","2026-07-09","passed","2026-07-09","","","",""
"","0","returns fallback message for unknown codes","getErrorMessage","2026-07-09","passed","2026-07-09","","","",""
"","1","fetchBlockedProposalsThunk.fulfilled stores blocked proposals","proposalSlice","2026-07-09","passed","2026-07-09","","","",""
"","6","creates a git branch with a simulationId derived from userId","SimulationService.create()","2026-07-09","passed","2026-07-09","","","",""
"","338","shows the expiry dialog when expired=true","SessionExpiryModal","2026-07-09","passed","2026-07-09","","","",""
"","3","createPullRequest returns the PR number as a string","GitHubService","2026-07-09","passed","2026-07-09","","","",""
"","0","formats PRF_SMITH → ""Smith""","formatProfessorLabel","2026-07-09","passed","2026-07-09","","","",""
"","268","closes dialog and shows READY snackbar on successful submission","SubmitProposalModal","2026-07-09","passed","2026-07-09","","ProposalForm (stage 2)","",""
"","177","advances to proposal form after successful save","SubmitProposalModal","2026-07-09","passed","2026-07-09","","CommitGate (stage 1)","",""
"","1","run() closes the session after a successful query","MemgraphClient","2026-07-09","passed","2026-07-09","","","",""
"","1","createConstraint calls POST /rules/constraints","rulesService","2026-07-09","passed","2026-07-09","","","",""
"","1","toggleInspector(true) opens inspector","uiSlice","2026-07-09","passed","2026-07-09","","","",""
"","0","custom MD3 surface tokens are defined","theme","2026-07-09","passed","2026-07-09","","","",""
"","0","body1 font size is 1rem (16px minimum)","theme","2026-07-09","passed","2026-07-09","","","",""
"","1","NEXT batch links consecutive same-day slots in chronological order","ScheduleHydrator","2026-07-09","passed","2026-07-09","","","",""
"","1","throws 404 when the session is not found (GCd or never created)","SimulationService.heartbeat()","2026-07-09","passed","2026-07-09","","","",""
"","448","calls onSuccess after successful submit","AddMetricDialog","2026-07-09","passed","2026-07-09","","","",""
"","159","does not display the raw simulation ID","SimulationCard","2026-07-09","passed","2026-07-09","","","",""
"","83","shows CI status badge for BLOCKED status","ProposalReviewPage","2026-07-09","passed","2026-07-09","","","",""
"","8","hydrate() calls client.run() once per batch (12 total)","GraphService","2026-07-09","passed","2026-07-09","","","",""
"","1","defaults value to 0 when the query returns no rows","GraphService","2026-07-09","passed","2026-07-09","","evaluateMetrics()","",""
"","0","secondary colour matches MD3 token","theme","2026-07-09","passed","2026-07-09","","","",""
"","71","shows validation error if name is empty when Enter is pressed","CreateSimulationDialog","2026-07-09","passed","2026-07-09","","","",""
"","1","mergeProposalThunk.fulfilled removes proposal from list","proposalSlice","2026-07-09","passed","2026-07-09","","","",""
"","174","advances to proposal form when ""Submit Without Saving"" is clicked","SubmitProposalModal","2026-07-09","passed","2026-07-09","","CommitGate (stage 1)","",""
"","224","renders a Snackbar with the error message","GlobalErrorSnackbar","2026-07-09","passed","2026-07-09","","","",""
"","1","rejectProposal silently ignores 404 (Gap 3)","proposalService","2026-07-09","passed","2026-07-09","","","",""
"","1","deleteSimulation silently ignores 404 (Gap 4)","simulationService","2026-07-09","passed","2026-07-09","","","",""
"","493","renders page heading","RulesPage","2026-07-09","passed","2026-07-09","","","",""
"","2","hydrates the graph with the schedule.json content","CiPipelineService.run()","2026-07-09","passed","2026-07-09","","","",""
"","1","fetchClassesPage.fulfilled sets hasMore correctly","classSlice","2026-07-09","passed","2026-07-09","","","",""
"","3","runs a HELD_IN mutation when roomId is patched","GraphService","2026-07-09","passed","2026-07-09","","updateClass()","",""
"","4","does not mutate the input array","sortTimeSlotIds","2026-07-09","passed","2026-07-09","","","",""
"","1","accepts a patch with only professorId","SimulationService.updateClass()","2026-07-09","passed","2026-07-09","","","",""
"","70","shows error alert on fetch failure","ProposalsDashboardPage","2026-07-09","passed","2026-07-09","","","",""
"","2","readFile decodes base64 content from GitHub response","GitHubService","2026-07-09","passed","2026-07-09","","","",""
"","25","does nothing when simId is null","useHeartbeat","2026-07-09","passed","2026-07-09","","","",""
"","3","flushes expired sessions on each sweep tick","SessionGarbageCollector","2026-07-09","passed","2026-07-09","","","",""
"","2","getSimulationClasses calls GET with correct page params","simulationService","2026-07-09","passed","2026-07-09","","","",""
"","424","renders heading","ProposalsDashboardPage","2026-07-09","passed","2026-07-09","","","",""
"","93","shows unavailable alert when service returns 501","RulesPage","2026-07-09","passed","2026-07-09","","","",""
"","7","renders field labels","ChangeCard","2026-07-09","passed","2026-07-09","","","",""
"","164","each delete icon button has an aria-label","RulesPage","2026-07-09","passed","2026-07-09","","","",""
"","111","clicking Continue as Admin dispatches setRole(admin)","TopAppBar","2026-07-09","passed","2026-07-09","","","",""
"","2","returns valid JSON that parses to a ScheduleJson shape","GraphService","2026-07-09","passed","2026-07-09","","exportScheduleJson()","",""
"","1","deleteSimulationThunk.fulfilled removes simulation from state","simulationSlice","2026-07-09","passed","2026-07-09","","","",""
"","145","shows ""Switch to Admin View"" button in user view","TopAppBar","2026-07-09","passed","2026-07-09","","","",""
"","1","loadSimulationsFromStorage handles missing key gracefully","simulationSlice","2026-07-09","passed","2026-07-09","","","",""
"","78","renders the PublishedScheduleCard","SimulationDashboardPage","2026-07-09","passed","2026-07-09","","","",""
"","1","getMetricRules rethrows 404","rulesService","2026-07-09","passed","2026-07-09","","","",""
"","169","renders ""Create New Simulation"" button","SimulationDashboardPage","2026-07-09","passed","2026-07-09","","","",""
"","2","returns ProposalDetail with diff and status","ProposalService.get()","2026-07-09","passed","2026-07-09","","","",""
"","2","selectClass sets selectedClassId and opens inspector","uiSlice","2026-07-09","passed","2026-07-09","","","",""
"","1","delegates to graph.queryConflicts with the simulationId","SimulationService.getConflicts()","2026-07-09","passed","2026-07-09","","","",""
"","107","shows conflict warning when conflicts exist (plain English only)","SubmitProposalModal","2026-07-09","passed","2026-07-09","","ProposalForm (stage 2)","",""
"","2","returns empty array when no open PRs","ProposalService.list()","2026-07-09","passed","2026-07-09","","","",""
"","1","getPullRequest returns title, head, labels and createdAt","GitHubService","2026-07-09","passed","2026-07-09","","","",""
"","3","extracts user portion from sim-alice-abc123","extractUserLabel","2026-07-09","passed","2026-07-09","","","",""
"","8","initialises with empty state and unavailable=false","rulesSlice","2026-07-09","passed","2026-07-09","","","",""
"","1","formats numeric room RM_101 → ""Room 101""","formatRoomLabel","2026-07-09","passed","2026-07-09","","","",""
"","76","shows disclaimer text in CI status badge","ProposalReviewPage","2026-07-09","passed","2026-07-09","","","",""
"","2","primary colour matches MD3 token","theme","2026-07-09","passed","2026-07-09","","","",""
"","1","returns multiple suggestions across different rooms","GraphService","2026-07-09","passed","2026-07-09","","getSuggestions()","",""
"","1","deleteMetricRuleThunk.fulfilled removes the rule","rulesSlice","2026-07-09","passed","2026-07-09","","","",""
"","1","uses description as the PR body","ProposalService.submit()","2026-07-09","passed","2026-07-09","","","",""
"","295","opens close confirmation dialog on Close click","ProposalReviewPage","2026-07-09","passed","2026-07-09","","","",""
"","9","does NOT dispatch markExpired on non-404 network errors","useHeartbeat","2026-07-09","passed","2026-07-09","","","",""
"","5","returns only PRs with ci:ready label","ProposalService.list()","2026-07-09","passed","2026-07-09","","","",""
"","9","renders from and to values","ChangeCard","2026-07-09","passed","2026-07-09","","","",""
"","2","writeFile creates a new file when it does not yet exist","GitHubService","2026-07-09","passed","2026-07-09","","","",""
"","3","dismiss() hides the banner without resetting the timer","useInactivityWarning","2026-07-09","passed","2026-07-09","","","",""
"","1","deleteConstraintThunk.fulfilled removes the constraint","rulesSlice","2026-07-09","passed","2026-07-09","","","",""
"","425","shows commit gate when hasUnsavedChanges is true","SubmitProposalModal","2026-07-09","passed","2026-07-09","","CommitGate (stage 1)","",""
"","46","has a ""Dismiss"" button","InactivityBanner","2026-07-09","passed","2026-07-09","","","",""
"","1","returns MetricResult with correct name, value, and unit","GraphService","2026-07-09","passed","2026-07-09","","evaluateMetrics()","",""
"","1","can detect multiple field changes on the same class","parseDiff","2026-07-09","passed","2026-07-09","","","",""
"","2","writes the merged JSON to the simulation branch via github.writeFile","SimulationService.commit()","2026-07-09","passed","2026-07-09","","","",""
"","1","returns the Suggestion array from graph.getSuggestions","SimulationService.getSuggestions()","2026-07-09","passed","2026-07-09","","","",""
"","1","throws 404 when the simulation session is not found","SimulationService.getMetrics()","2026-07-09","passed","2026-07-09","","","",""
"","1","setRole switches to admin","uiSlice","2026-07-09","passed","2026-07-09","","","",""
"","1","setRole switches back to user","uiSlice","2026-07-09","passed","2026-07-09","","","",""
"","1","deleteSimulation rethrows non-gap errors","simulationService","2026-07-09","passed","2026-07-09","","","",""
"","0","background default is surface colour","theme","2026-07-09","passed","2026-07-09","","","",""
"","3","fetchConflictsThunk.fulfilled stores conflicts and sets lastFetchedAt","conflictSlice","2026-07-09","passed","2026-07-09","","","",""
"","1","returns status BLOCKED when CI finds conflicts","ProposalService.submit()","2026-07-09","passed","2026-07-09","","","",""
"","422","renders name field and target select","AddMetricDialog","2026-07-09","passed","2026-07-09","","","",""
"","2","touch() updates the timestamp and returns true for a known session","SessionRegistry","2026-07-09","passed","2026-07-09","","","",""
"","100","renders metric rule cards with human-readable labels","RulesPage","2026-07-09","passed","2026-07-09","","","",""
"","99","shows empty message when no classes loaded","TimetableGrid","2026-07-09","passed","2026-07-09","","","",""
"","220","shows blocked section when blocked proposals exist","ProposalsDashboardPage","2026-07-09","passed","2026-07-09","","","",""
"","1","translates Professor/max_classes_per_day with correct unit","MetricRuleTranslator","2026-07-09","passed","2026-07-09","","translateRule()","",""
"","1","resolves void on success","SimulationService.commit()","2026-07-09","passed","2026-07-09","","","",""
"","2","fetchProposalsThunk.fulfilled stores ready proposals","proposalSlice","2026-07-09","passed","2026-07-09","","","",""
"","0","body2 font size is 0.875rem (14px minimum for secondary labels)","theme","2026-07-09","passed","2026-07-09","","","",""
"","1","formats CRS_BIO101 → ""BIO101""","formatCourseLabel","2026-07-09","passed","2026-07-09","","","",""
"","0","MetricRule has target and condition fields","types barrel export","2026-07-09","passed","2026-07-09","","","",""
"","33","shows admin nav links in admin view","TopAppBar","2026-07-09","passed","2026-07-09","","","",""
"","134","enables submit button when description is entered","SubmitProposalModal","2026-07-09","passed","2026-07-09","","ProposalForm (stage 2)","",""
"","3","does not render when closed","CreateSimulationDialog","2026-07-09","passed","2026-07-09","","","",""
"","2","fetchConflictsThunk.pending sets loading true","conflictSlice","2026-07-09","passed","2026-07-09","","","",""
"","1","propagates 400 ApiError from translator for unsupported rule","GraphService","2026-07-09","passed","2026-07-09","","evaluateMetrics()","",""
"","6","async fetchBlockedProposalsThunk returns empty array on error (Gap 2)","proposalSlice","2026-07-09","passed","2026-07-09","","","",""
"","13","does not show type codes (ROOM_DOUBLE_BOOK etc.) in conflict text","SimulationCard","2026-07-09","passed","2026-07-09","","","",""
"","228","shows BLOCKED snackbar when proposal is blocked","SubmitProposalModal","2026-07-09","passed","2026-07-09","","ProposalForm (stage 2)","",""
"","100","""Go Back to My Simulations"" clears session state","SessionExpiryModal","2026-07-09","passed","2026-07-09","","","",""
"","3","fetchMetricRulesThunk.fulfilled stores rules","rulesSlice","2026-07-09","passed","2026-07-09","","","",""
"","7","createSimulation calls POST /simulations with userId","simulationService","2026-07-09","passed","2026-07-09","","","",""
"","43","simulation cards never show raw simulation IDs","SimulationDashboardPage","2026-07-09","passed","2026-07-09","","","",""
"","6","delegates to graph.getSuggestions with the correct arguments","SimulationService.getSuggestions()","2026-07-09","passed","2026-07-09","","","",""
"","0","formats GRP_BIO_Y1 → ""Bio Y1""","formatGroupLabel","2026-07-09","passed","2026-07-09","","","",""
"","1","fetchMetricsThunk.fulfilled with empty array stores no metrics","metricSlice","2026-07-09","passed","2026-07-09","","","",""
"","1","commitSimulationThunk.fulfilled sets hasUnsavedChanges to false","sessionSlice","2026-07-09","passed","2026-07-09","","","",""
"","1","throws 400 ApiError for a completely unknown target","MetricRuleTranslator","2026-07-09","passed","2026-07-09","","translateRule()","",""
"","7","initialises with no session","sessionSlice","2026-07-09","passed","2026-07-09","","","",""
"","1","passes both branchId and classId as params","GraphService","2026-07-09","passed","2026-07-09","","getSuggestions()","",""
"","16","renders row label from roomId","TimetableGrid","2026-07-09","passed","2026-07-09","","","",""
"","1","preserves original metadata in the written JSON","SimulationService.commit()","2026-07-09","passed","2026-07-09","","","",""
"","0","getConstraints rethrows 501 (slice handles unavailable flag)","rulesService","2026-07-09","passed","2026-07-09","","","",""
"","1","rejectProposal silently ignores 501 (Gap 3)","proposalService","2026-07-09","passed","2026-07-09","","","",""
"","1","removes flushed sessions from the registry after flush","SessionGarbageCollector","2026-07-09","passed","2026-07-09","","","",""
"","9","shows human-readable time ago","SimulationCard","2026-07-09","passed","2026-07-09","","","",""
"","44","marks chip as conflicted when classId is in conflictedClassIds","TimetableGrid","2026-07-09","passed","2026-07-09","","","",""
"","21","shows formatted time slot (full day name)","Inspector","2026-07-09","passed","2026-07-09","","","",""
"","1","is a pure function — does not mutate the schedule argument","parseDiff","2026-07-09","passed","2026-07-09","","","",""
"","23","shows ""No scheduling conflicts"" when conflictCount is 0","SimulationCard","2026-07-09","passed","2026-07-09","","","",""
"","1","listOpenPullRequests returns open PR numbers as strings","GitHubService","2026-07-09","passed","2026-07-09","","","",""
"","9","createBranch fetches source SHA then creates ref","GitHubService","2026-07-09","passed","2026-07-09","","","",""
